{"cameraMode":{"drawMode":0,"name":"Shaded","section":"Shading Mode"},"sceneLighting":true,"audioPlay":false,"sceneViewState":{"m_AlwaysRefresh":false,"showFog":true,"showSkybox":true,"showFlares":true,"showImageEffects":true,"showParticleSystems":true,"showVisualEffectGraphs":true,"m_FxEnabled":true},"in2DMode":false,"pivot":{"x":-7.6084418296813969,"y":0.16915440559387208,"z":15.757603645324707},"rotation":{"x":0.17860645055770875,"y":0.08872441947460175,"z":-0.01619197614490986,"w":0.9797989130020142},"size":15.291596412658692,"orthographic":false}