{"cameraMode":{"drawMode":0,"name":"Shaded","section":"Shading Mode"},"sceneLighting":true,"audioPlay":false,"sceneViewState":{"m_AlwaysRefresh":false,"showFog":true,"showSkybox":true,"showFlares":true,"showImageEffects":true,"showParticleSystems":true,"showVisualEffectGraphs":true,"m_FxEnabled":true},"in2DMode":false,"pivot":{"x":-6.9616827964782719,"y":11.80831527709961,"z":2.319467544555664},"rotation":{"x":-0.024562234058976175,"y":0.05365826189517975,"z":0.0013203757116571069,"w":0.9982618093490601},"size":16.304765701293947,"orthographic":false}