{"cameraMode":{"drawMode":0,"name":"Shaded","section":"Shading Mode"},"sceneLighting":true,"audioPlay":false,"sceneViewState":{"m_AlwaysRefresh":false,"showFog":true,"showSkybox":true,"showFlares":true,"showImageEffects":true,"showParticleSystems":true,"showVisualEffectGraphs":true,"m_FxEnabled":true},"in2DMode":false,"pivot":{"x":-5.06968879699707,"y":2.7567646503448488,"z":-1.7725512981414796},"rotation":{"x":0.0019164992263540626,"y":-0.7017835378646851,"z":-0.0018878895789384843,"w":-0.7123835682868958},"size":4.522269248962402,"orthographic":false}